Run_ID,Material,Thickness,DopingDensity,DefectDensity,Voc,Jsc,FF,PCE
RUN_0001,CsSnGeI3,0.2,100000000000000.0,1000000000000.0,0.815921,19.1649911,85.7157,13.4035
RUN_0002,CsSnGeI3,0.2,100000000000000.0,10000000000000.0,0.815921,19.16499038,85.7157,13.4035
RUN_0003,CsSnGeI3,0.2,100000000000000.0,100000000000000.0,0.815921,19.16498309,85.7151,13.4034
RUN_0004,CsSnGeI3,0.2,100000000000000.0,1000000000000000.0,0.815917,19.16491023,85.71,13.4025
RUN_0005,CsSnGeI3,0.2,1000000000000000.0,1000000000000.0,0.816214,19.16484037,85.7271,13.41
RUN_0006,CsSnGeI3,0.2,1000000000000000.0,10000000000000.0,0.816214,19.16483965,85.7271,13.41
RUN_0007,CsSnGeI3,0.2,1000000000000000.0,100000000000000.0,0.816214,19.16483248,85.7266,13.4099
RUN_0008,CsSnGeI3,0.2,1000000000000000.0,1000000000000000.0,0.81621,19.1647608,85.7214,13.4089
RUN_0009,CsSnGeI3,0.2,1e+16,1000000000000.0,0.819314,19.16343113,85.8274,13.4756
RUN_0010,CsSnGeI3,0.2,1e+16,10000000000000.0,0.819314,19.16343052,85.8273,13.4756
RUN_0011,CsSnGeI3,0.2,1e+16,100000000000000.0,0.819314,19.16342443,85.8267,13.4755
RUN_0012,CsSnGeI3,0.2,1e+16,1000000000000000.0,0.819309,19.16336353,85.8201,13.4744
RUN_0013,CsSnGeI3,0.2,1e+17,1000000000000.0,0.876781,19.14814517,73.0717,12.2678
RUN_0014,CsSnGeI3,0.2,1e+17,10000000000000.0,0.876785,19.14814449,73.0712,12.2678
RUN_0015,CsSnGeI3,0.2,1e+17,100000000000000.0,0.876779,19.14813769,73.0698,12.2675
RUN_0016,CsSnGeI3,0.2,1e+17,1000000000000000.0,0.876718,19.14806969,73.0561,12.2643
RUN_0017,CsSnGeI3,0.2,1e+18,1000000000000.0,0.999441,12.90284298,79.7566,10.2851
RUN_0018,CsSnGeI3,0.2,1e+18,10000000000000.0,0.99944,12.90284227,79.7566,10.2851
RUN_0019,CsSnGeI3,0.2,1e+18,100000000000000.0,0.99944,12.90283515,79.7564,10.2851
RUN_0020,CsSnGeI3,0.2,1e+18,1000000000000000.0,0.999432,12.90276401,79.7546,10.2847
RUN_0021,CsSnGeI3,0.2,1e+19,1000000000000.0,1.066162,11.81401548,84.2045,10.6061
RUN_0022,CsSnGeI3,0.2,1e+19,10000000000000.0,1.066162,11.81401447,84.2045,10.6061
RUN_0023,CsSnGeI3,0.2,1e+19,100000000000000.0,1.066161,11.81400443,84.2045,10.6061
RUN_0024,CsSnGeI3,0.2,1e+19,1000000000000000.0,1.06616,11.813904,84.2043,10.606
RUN_0025,CsSnGeI3,0.4,100000000000000.0,1000000000000.0,0.82407,24.35314632,85.9901,17.2571
RUN_0026,CsSnGeI3,0.4,100000000000000.0,10000000000000.0,0.82407,24.35314246,85.9899,17.257
RUN_0027,CsSnGeI3,0.4,100000000000000.0,100000000000000.0,0.824068,24.35310386,85.9875,17.2565
RUN_0028,CsSnGeI3,0.4,100000000000000.0,1000000000000000.0,0.824051,24.35271786,85.9636,17.2511
RUN_0029,CsSnGeI3,0.4,1000000000000000.0,1000000000000.0,0.824537,24.35304722,86.0133,17.2715
RUN_0030,CsSnGeI3,0.4,1000000000000000.0,10000000000000.0,0.824537,24.3530436,86.0131,17.2714
RUN_0031,CsSnGeI3,0.4,1000000000000000.0,100000000000000.0,0.824535,24.3530074,86.0106,17.2708
RUN_0032,CsSnGeI3,0.4,1000000000000000.0,1000000000000000.0,0.824516,24.35264538,85.9857,17.2652
RUN_0033,CsSnGeI3,0.4,1e+16,1000000000000.0,0.830383,24.35244008,86.1682,17.4248
RUN_0034,CsSnGeI3,0.4,1e+16,10000000000000.0,0.830381,24.35243809,86.1672,17.4246
RUN_0035,CsSnGeI3,0.4,1e+16,100000000000000.0,0.83037,24.35241821,86.1572,17.4223
RUN_0036,CsSnGeI3,0.4,1e+16,1000000000000000.0,0.830256,24.35221938,86.058,17.3997
RUN_0037,CsSnGeI3,0.4,1e+17,1000000000000.0,0.956914,20.33940911,78.9355,15.3633
RUN_0038,CsSnGeI3,0.4,1e+17,10000000000000.0,0.956912,20.33940705,78.9348,15.3631
RUN_0039,CsSnGeI3,0.4,1e+17,100000000000000.0,0.956896,20.33938655,78.9285,15.3616
RUN_0040,CsSnGeI3,0.4,1e+17,1000000000000000.0,0.956734,20.33918165,78.8657,15.3466
RUN_0041,CsSnGeI3,0.4,1e+18,1000000000000.0,1.030563,17.95722653,83.3692,15.4283
RUN_0042,CsSnGeI3,0.4,1e+18,10000000000000.0,1.030563,17.95722374,83.3692,15.4283
RUN_0043,CsSnGeI3,0.4,1e+18,100000000000000.0,1.030561,17.95719589,83.3689,15.4282
RUN_0044,CsSnGeI3,0.4,1e+18,1000000000000000.0,1.030547,17.95691739,83.3659,15.4272
RUN_0045,CsSnGeI3,0.4,1e+19,1000000000000.0,1.094417,17.00109672,86.088,16.0178
RUN_0046,CsSnGeI3,0.4,1e+19,10000000000000.0,1.094417,17.00109198,86.088,16.0178
RUN_0047,CsSnGeI3,0.4,1e+19,100000000000000.0,1.094416,17.00104413,86.0879,16.0177
RUN_0048,CsSnGeI3,0.4,1e+19,1000000000000000.0,1.094411,17.00056604,86.0876,16.0171
RUN_0049,CsSnGeI3,0.6,100000000000000.0,1000000000000.0,0.826655,26.3483057,86.0739,18.7477
RUN_0050,CsSnGeI3,0.6,100000000000000.0,10000000000000.0,0.826655,26.34829582,86.0732,18.7476
RUN_0051,CsSnGeI3,0.6,100000000000000.0,100000000000000.0,0.82665,26.34819702,86.0671,18.746
RUN_0052,CsSnGeI3,0.6,100000000000000.0,1000000000000000.0,0.8266,26.34720901,86.0055,18.7308
RUN_0053,CsSnGeI3,0.6,1000000000000000.0,1000000000000.0,0.827298,26.34819449,86.1087,18.7698
RUN_0054,CsSnGeI3,0.6,1000000000000000.0,10000000000000.0,0.827297,26.34818595,86.108,18.7696
RUN_0055,CsSnGeI3,0.6,1000000000000000.0,100000000000000.0,0.827291,26.3481006,86.1012,18.768
RUN_0056,CsSnGeI3,0.6,1000000000000000.0,1000000000000000.0,0.827234,26.34724714,86.0335,18.7513
RUN_0057,CsSnGeI3,0.6,1e+16,1000000000000.0,0.850066,26.34750885,83.313,18.6597
RUN_0058,CsSnGeI3,0.6,1e+16,10000000000000.0,0.850065,26.34750581,83.3124,18.6596
RUN_0059,CsSnGeI3,0.6,1e+16,100000000000000.0,0.850052,26.34747541,83.306,18.6578
RUN_0060,CsSnGeI3,0.6,1e+16,1000000000000000.0,0.849916,26.34717139,83.243,18.6405
RUN_0061,CsSnGeI3,0.6,1e+17,1000000000000.0,0.977441,22.69482531,81.8502,18.1567
RUN_0062,CsSnGeI3,0.6,1e+17,10000000000000.0,0.977439,22.69482305,81.8493,18.1565
RUN_0063,CsSnGeI3,0.6,1e+17,100000000000000.0,0.977418,22.69480039,81.84,18.154
RUN_0064,CsSnGeI3,0.6,1e+17,1000000000000000.0,0.977205,22.69457384,81.7486,18.1296
RUN_0065,CsSnGeI3,0.6,1e+18,1000000000000.0,1.045794,20.69209106,84.6717,18.3227
RUN_0066,CsSnGeI3,0.6,1e+18,10000000000000.0,1.045794,20.69208364,84.6717,18.3227
RUN_0067,CsSnGeI3,0.6,1e+18,100000000000000.0,1.045792,20.6920094,84.6713,18.3225
RUN_0068,CsSnGeI3,0.6,1e+18,1000000000000000.0,1.045769,20.69126712,84.6676,18.3206
RUN_0069,CsSnGeI3,0.6,1e+19,1000000000000.0,1.109223,19.86974315,86.7702,19.1241
RUN_0070,CsSnGeI3,0.6,1e+19,10000000000000.0,1.109223,19.86973188,86.7702,19.1241
RUN_0071,CsSnGeI3,0.6,1e+19,100000000000000.0,1.109222,19.86961908,86.7702,19.124
RUN_0072,CsSnGeI3,0.6,1e+19,1000000000000000.0,1.109209,19.86849126,86.7696,19.1226
RUN_0073,CsSnGeI3,0.8,100000000000000.0,1000000000000.0,0.827795,27.2647624,86.1115,19.435
RUN_0074,CsSnGeI3,0.8,100000000000000.0,10000000000000.0,0.827794,27.26474362,86.1103,19.4347
RUN_0075,CsSnGeI3,0.8,100000000000000.0,100000000000000.0,0.827783,27.26455584,86.098,19.4316
RUN_0076,CsSnGeI3,0.8,100000000000000.0,1000000000000000.0,0.827676,27.2626781,85.9759,19.4002
RUN_0077,CsSnGeI3,0.8,1000000000000000.0,1000000000000.0,0.828625,27.26436171,86.158,19.4648
RUN_0078,CsSnGeI3,0.8,1000000000000000.0,10000000000000.0,0.828624,27.26434727,86.1565,19.4644
RUN_0079,CsSnGeI3,0.8,1000000000000000.0,100000000000000.0,0.828609,27.26420285,86.1414,19.4605
RUN_0080,CsSnGeI3,0.8,1000000000000000.0,1000000000000000.0,0.828463,27.26275868,85.9913,19.4222
RUN_0081,CsSnGeI3,0.8,1e+16,1000000000000.0,0.891212,27.21353857,78.6993,19.087
RUN_0082,CsSnGeI3,0.8,1e+16,10000000000000.0,0.891211,27.21351297,78.6986,19.0868
RUN_0083,CsSnGeI3,0.8,1e+16,100000000000000.0,0.891201,27.213257,78.6914,19.0846
RUN_0084,CsSnGeI3,0.8,1e+16,1000000000000000.0,0.891097,27.21070054,78.6204,19.0634
RUN_0085,CsSnGeI3,0.8,1e+17,1000000000000.0,0.989473,24.0765225,83.3727,19.8619
RUN_0086,CsSnGeI3,0.8,1e+17,10000000000000.0,0.98947,24.07651805,83.3716,19.8616
RUN_0087,CsSnGeI3,0.8,1e+17,100000000000000.0,0.989444,24.07647357,83.3601,19.8583
RUN_0088,CsSnGeI3,0.8,1e+17,1000000000000000.0,0.989187,24.07602888,83.2468,19.8258
RUN_0089,CsSnGeI3,0.8,1e+18,1000000000000.0,1.055617,22.3629606,85.3216,20.1416
RUN_0090,CsSnGeI3,0.8,1e+18,10000000000000.0,1.055617,22.36294674,85.3216,20.1416
RUN_0091,CsSnGeI3,0.8,1e+18,100000000000000.0,1.055614,22.36280822,85.3211,20.1413
RUN_0092,CsSnGeI3,0.8,1e+18,1000000000000000.0,1.05558,22.3614232,85.3166,20.1384
RUN_0093,CsSnGeI3,0.8,1e+19,1000000000000.0,1.118955,21.65170204,87.1166,21.106
RUN_0094,CsSnGeI3,0.8,1e+19,10000000000000.0,1.118955,21.65168235,87.1166,21.106
RUN_0095,CsSnGeI3,0.8,1e+19,100000000000000.0,1.118953,21.6514858,87.1165,21.1057
RUN_0096,CsSnGeI3,0.8,1e+19,1000000000000000.0,1.118931,21.64952037,87.1158,21.1032
RUN_0097,CsSnGeI3,1.0,100000000000000.0,1000000000000.0,0.828396,27.74799571,86.1323,19.7987
RUN_0098,CsSnGeI3,1.0,100000000000000.0,10000000000000.0,0.828394,27.74796538,86.1302,19.7981
RUN_0099,CsSnGeI3,1.0,100000000000000.0,100000000000000.0,0.828375,27.74766203,86.1093,19.7926
RUN_0100,CsSnGeI3,1.0,100000000000000.0,1000000000000000.0,0.82818,27.74462875,85.9004,19.7378
RUN_0101,CsSnGeI3,1.0,1000000000000000.0,1000000000000.0,0.82946,27.74699969,86.1878,19.8361
RUN_0102,CsSnGeI3,1.0,1000000000000000.0,10000000000000.0,0.829456,27.74697955,86.1846,19.8353
RUN_0103,CsSnGeI3,1.0,1000000000000000.0,100000000000000.0,0.829421,27.7467782,86.1529,19.827
RUN_0104,CsSnGeI3,1.0,1000000000000000.0,1000000000000000.0,0.829068,27.74476473,85.838,19.7447
RUN_0105,CsSnGeI3,1.0,1e+16,1000000000000.0,0.90801,26.79180689,82.7081,20.1206
RUN_0106,CsSnGeI3,1.0,1e+16,10000000000000.0,0.908008,26.79178667,82.707,20.1203
RUN_0107,CsSnGeI3,1.0,1e+16,100000000000000.0,0.907996,26.79158453,82.6963,20.1172
RUN_0108,CsSnGeI3,1.0,1e+16,1000000000000000.0,0.907869,26.78957248,82.5905,20.0872
RUN_0109,CsSnGeI3,1.0,1e+17,1000000000000.0,0.997819,24.96187094,84.3258,21.0034
RUN_0110,CsSnGeI3,1.0,1e+17,10000000000000.0,0.997816,24.96186318,84.3245,21.003
RUN_0111,CsSnGeI3,1.0,1e+17,100000000000000.0,0.997787,24.96178561,84.311,20.999
RUN_0112,CsSnGeI3,1.0,1e+17,1000000000000000.0,0.997495,24.96101008,84.1784,20.9592
RUN_0113,CsSnGeI3,1.0,1e+18,1000000000000.0,1.062751,23.47724283,85.6977,21.382
RUN_0114,CsSnGeI3,1.0,1e+18,10000000000000.0,1.062751,23.47722129,85.6976,21.3819
RUN_0115,CsSnGeI3,1.0,1e+18,100000000000000.0,1.062747,23.47700582,85.6971,21.3815
RUN_0116,CsSnGeI3,1.0,1e+18,1000000000000000.0,1.062702,23.47485182,85.692,21.3774
RUN_0117,CsSnGeI3,1.0,1e+19,1000000000000.0,1.126101,22.8553571,87.321,22.4742
RUN_0118,CsSnGeI3,1.0,1e+19,10000000000000.0,1.126101,22.85532775,87.321,22.4741
RUN_0119,CsSnGeI3,1.0,1e+19,100000000000000.0,1.126097,22.85503421,87.3209,22.4738
RUN_0120,CsSnGeI3,1.0,1e+19,1000000000000000.0,1.126064,22.85209986,87.32,22.47
RUN_0121,CsSnGeI3,1.2,100000000000000.0,1000000000000.0,0.828759,28.03097312,86.145,20.0123
RUN_0122,CsSnGeI3,1.2,100000000000000.0,10000000000000.0,0.828756,28.0309289,86.1418,20.0114
RUN_0123,CsSnGeI3,1.2,100000000000000.0,100000000000000.0,0.828724,28.03048672,86.1091,20.0027
RUN_0124,CsSnGeI3,1.2,100000000000000.0,1000000000000000.0,0.828403,28.02606529,85.7842,19.9164
RUN_0125,CsSnGeI3,1.2,1000000000000000.0,1000000000000.0,0.830191,28.02815354,86.1975,20.057
RUN_0126,CsSnGeI3,1.2,1000000000000000.0,10000000000000.0,0.830183,28.02812887,86.1913,20.0554
RUN_0127,CsSnGeI3,1.2,1000000000000000.0,100000000000000.0,0.830103,28.02788213,86.1298,20.039
RUN_0128,CsSnGeI3,1.2,1000000000000000.0,1000000000000000.0,0.829293,28.02541483,85.5327,19.8789
RUN_0129,CsSnGeI3,1.2,1e+16,1000000000000.0,0.91828,27.07138754,83.851,20.8446
RUN_0130,CsSnGeI3,1.2,1e+16,10000000000000.0,0.918279,27.07137728,83.8496,20.8442
RUN_0131,CsSnGeI3,1.2,1e+16,100000000000000.0,0.918264,27.07127473,83.8358,20.8404
RUN_0132,CsSnGeI3,1.2,1e+16,1000000000000000.0,0.918116,27.07025375,83.6997,20.8024
RUN_0133,CsSnGeI3,1.2,1e+17,1000000000000.0,1.004217,25.57394899,84.977,21.8236
RUN_0134,CsSnGeI3,1.2,1e+17,10000000000000.0,1.004214,25.57393711,84.9755,21.8232
RUN_0135,CsSnGeI3,1.2,1e+17,100000000000000.0,1.004182,25.57381828,84.9603,21.8185
RUN_0136,CsSnGeI3,1.2,1e+17,1000000000000000.0,1.003862,25.57263046,84.8102,21.7719
RUN_0137,CsSnGeI3,1.2,1e+18,1000000000000.0,1.068291,24.27056461,85.9376,22.2819
RUN_0138,CsSnGeI3,1.2,1e+18,10000000000000.0,1.068291,24.27053444,85.9375,22.2819
RUN_0139,CsSnGeI3,1.2,1e+18,100000000000000.0,1.068284,24.27023279,85.937,22.2813
RUN_0140,CsSnGeI3,1.2,1e+18,1000000000000000.0,1.068224,24.26721752,85.9314,22.2759
RUN_0141,CsSnGeI3,1.2,1e+19,1000000000000.0,1.131799,23.71963158,87.4469,23.4759
RUN_0142,CsSnGeI3,1.2,1e+19,10000000000000.0,1.131799,23.71959151,87.4469,23.4758
RUN_0143,CsSnGeI3,1.2,1e+19,100000000000000.0,1.131794,23.71919151,87.4467,23.4753
RUN_0144,CsSnGeI3,1.2,1e+19,1000000000000000.0,1.131747,23.71519279,87.4457,23.4701
RUN_0145,CsSnGeI3,1.4,100000000000000.0,1000000000000.0,0.829004,28.21057252,86.153,20.1483
RUN_0146,CsSnGeI3,1.4,100000000000000.0,10000000000000.0,0.828999,28.21051248,86.1483,20.147
RUN_0147,CsSnGeI3,1.4,100000000000000.0,100000000000000.0,0.828948,28.20991215,86.1004,20.1342
RUN_0148,CsSnGeI3,1.4,100000000000000.0,1000000000000000.0,0.828457,28.20390962,85.6269,20.0073
RUN_0149,CsSnGeI3,1.4,1000000000000000.0,1000000000000.0,0.831302,28.20603068,86.1533,20.201
RUN_0150,CsSnGeI3,1.4,1000000000000000.0,10000000000000.0,0.831291,28.20600303,86.1466,20.1991
RUN_0151,CsSnGeI3,1.4,1000000000000000.0,100000000000000.0,0.831179,28.20572662,86.08,20.1806
RUN_0152,CsSnGeI3,1.4,1000000000000000.0,1000000000000000.0,0.830084,28.20296267,85.4403,20.0023
RUN_0153,CsSnGeI3,1.4,1e+16,1000000000000.0,0.92564,27.3262504,84.4898,21.3711
RUN_0154,CsSnGeI3,1.4,1e+16,10000000000000.0,0.925638,27.32624244,84.4881,21.3706
RUN_0155,CsSnGeI3,1.4,1e+16,100000000000000.0,0.925622,27.32616291,84.4718,21.366
RUN_0156,CsSnGeI3,1.4,1e+16,1000000000000000.0,0.925458,27.32537058,84.3107,21.3209
RUN_0157,CsSnGeI3,1.4,1e+17,1000000000000.0,1.009441,26.02152159,85.4458,22.4442
RUN_0158,CsSnGeI3,1.4,1e+17,10000000000000.0,1.009437,26.02150496,85.4441,22.4437
RUN_0159,CsSnGeI3,1.4,1e+17,100000000000000.0,1.0094,26.0213387,85.4274,22.4383
RUN_0160,CsSnGeI3,1.4,1e+17,1000000000000000.0,1.009032,26.01967683,85.2627,22.3855
RUN_0161,CsSnGeI3,1.4,1e+18,1000000000000.0,1.072788,24.86317625,86.0974,22.9647
RUN_0162,CsSnGeI3,1.4,1e+18,10000000000000.0,1.072787,24.86313676,86.0973,22.9646
RUN_0163,CsSnGeI3,1.4,1e+18,100000000000000.0,1.07278,24.86274193,86.0967,22.9639
RUN_0164,CsSnGeI3,1.4,1e+18,1000000000000000.0,1.072705,24.85879595,86.0905,22.957
RUN_0165,CsSnGeI3,1.4,1e+19,1000000000000.0,1.136424,24.3693261,87.5339,24.2415
RUN_0166,CsSnGeI3,1.4,1e+19,10000000000000.0,1.136423,24.36927471,87.5339,24.2415
RUN_0167,CsSnGeI3,1.4,1e+19,100000000000000.0,1.136417,24.36876095,87.5338,24.2408
RUN_0168,CsSnGeI3,1.4,1e+19,1000000000000000.0,1.136353,24.36362603,87.5327,24.234
RUN_0169,CsSnGeI3,1.6,100000000000000.0,1000000000000.0,0.829185,28.33120736,86.1578,20.24
RUN_0170,CsSnGeI3,1.6,100000000000000.0,10000000000000.0,0.829178,28.33113001,86.1511,20.2382
RUN_0171,CsSnGeI3,1.6,100000000000000.0,100000000000000.0,0.829104,28.3303566,86.0843,20.2202
RUN_0172,CsSnGeI3,1.6,100000000000000.0,1000000000000000.0,0.82839,28.32262381,85.4262,20.0428
RUN_0173,CsSnGeI3,1.6,1000000000000000.0,1000000000000.0,0.834079,28.32478284,85.9407,20.3036
RUN_0174,CsSnGeI3,1.6,1000000000000000.0,10000000000000.0,0.83407,28.32475375,85.9361,20.3023
RUN_0175,CsSnGeI3,1.6,1000000000000000.0,100000000000000.0,0.833978,28.32446286,85.8898,20.2889
RUN_0176,CsSnGeI3,1.6,1000000000000000.0,1000000000000000.0,0.833072,28.32155414,85.4418,20.1591
RUN_0177,CsSnGeI3,1.6,1e+16,1000000000000.0,0.931448,27.52041365,84.9352,21.7721
RUN_0178,CsSnGeI3,1.6,1e+16,10000000000000.0,0.931446,27.52040616,84.9333,21.7716
RUN_0179,CsSnGeI3,1.6,1e+16,100000000000000.0,0.931428,27.52033126,84.9147,21.7663
RUN_0180,CsSnGeI3,1.6,1e+16,1000000000000000.0,0.931248,27.51958459,84.7313,21.7146
RUN_0181,CsSnGeI3,1.6,1e+17,1000000000000.0,1.013726,26.36343099,85.8113,22.9333
RUN_0182,CsSnGeI3,1.6,1e+17,10000000000000.0,1.013722,26.36340913,85.8094,22.9327
RUN_0183,CsSnGeI3,1.6,1e+17,100000000000000.0,1.013683,26.36319055,85.7911,22.9267
RUN_0184,CsSnGeI3,1.6,1e+17,1000000000000000.0,1.013294,26.36100603,85.6109,22.8679
RUN_0185,CsSnGeI3,1.6,1e+18,1000000000000.0,1.07655,25.32159443,86.2088,23.5005
RUN_0186,CsSnGeI3,1.6,1e+18,10000000000000.0,1.076549,25.32154508,86.2087,23.5004
RUN_0187,CsSnGeI3,1.6,1e+18,100000000000000.0,1.07654,25.32105159,86.2081,23.4996
RUN_0188,CsSnGeI3,1.6,1e+18,1000000000000000.0,1.076446,25.31612048,86.2017,23.4912
RUN_0189,CsSnGeI3,1.6,1e+19,1000000000000.0,1.140433,24.87524523,87.5879,24.8474
RUN_0190,CsSnGeI3,1.6,1e+19,10000000000000.0,1.140432,24.87518192,87.5879,24.8473
RUN_0191,CsSnGeI3,1.6,1e+19,100000000000000.0,1.140424,24.8745487,87.5878,24.8465
RUN_0192,CsSnGeI3,1.6,1e+19,1000000000000000.0,1.140343,24.8682218,87.5866,24.8381
RUN_0193,CsSnGeI3,1.8,100000000000000.0,1000000000000.0,0.829335,28.41736393,86.16,20.3058
RUN_0194,CsSnGeI3,1.8,100000000000000.0,10000000000000.0,0.829324,28.41726823,86.151,20.3033
RUN_0195,CsSnGeI3,1.8,100000000000000.0,100000000000000.0,0.829221,28.41631117,86.0608,20.2789
RUN_0196,CsSnGeI3,1.8,100000000000000.0,1000000000000000.0,0.828226,28.40674265,85.1791,20.0403
RUN_0197,CsSnGeI3,1.8,1000000000000000.0,1000000000000.0,0.839185,28.40830381,85.5738,20.4006
RUN_0198,CsSnGeI3,1.8,1000000000000000.0,10000000000000.0,0.839177,28.40827441,85.5702,20.3996
RUN_0199,CsSnGeI3,1.8,1000000000000000.0,100000000000000.0,0.839104,28.40798037,85.5348,20.3891
RUN_0200,CsSnGeI3,1.8,1000000000000000.0,1000000000000000.0,0.838391,28.40504028,85.1892,20.2874
RUN_0201,CsSnGeI3,1.8,1e+16,1000000000000.0,0.936137,27.67039824,85.28,22.0903
RUN_0202,CsSnGeI3,1.8,1e+16,10000000000000.0,0.936135,27.67039039,85.278,22.0897
RUN_0203,CsSnGeI3,1.8,1e+16,100000000000000.0,0.936115,27.67031189,85.2572,22.0838
RUN_0204,CsSnGeI3,1.8,1e+16,1000000000000000.0,0.935915,27.66952877,85.0536,22.0258
RUN_0205,CsSnGeI3,1.8,1e+17,1000000000000.0,1.017444,26.62842884,86.0944,23.3255
RUN_0206,CsSnGeI3,1.8,1e+17,10000000000000.0,1.017439,26.62840134,86.0924,23.3248
RUN_0207,CsSnGeI3,1.8,1e+17,100000000000000.0,1.017396,26.62812642,86.0727,23.3183
RUN_0208,CsSnGeI3,1.8,1e+17,1000000000000000.0,1.016963,26.62537936,85.8797,23.2537
RUN_0209,CsSnGeI3,1.8,1e+18,1000000000000.0,1.079856,25.68712726,86.2827,23.9334
RUN_0210,CsSnGeI3,1.8,1e+18,10000000000000.0,1.079855,25.6870676,86.2827,23.9333
RUN_0211,CsSnGeI3,1.8,1e+18,100000000000000.0,1.079843,25.68647103,86.282,23.9323
RUN_0212,CsSnGeI3,1.8,1e+18,1000000000000000.0,1.079727,25.68051125,86.2756,23.9224
RUN_0213,CsSnGeI3,1.8,1e+19,1000000000000.0,1.143802,25.28037325,87.6315,25.3393
RUN_0214,CsSnGeI3,1.8,1e+19,10000000000000.0,1.143801,25.28029745,87.6315,25.3392
RUN_0215,CsSnGeI3,1.8,1e+19,100000000000000.0,1.143791,25.27954035,87.6314,25.3382
RUN_0216,CsSnGeI3,1.8,1e+19,1000000000000000.0,1.143688,25.27197676,87.6302,25.328
RUN_0217,CsSnGeI3,2.0,100000000000000.0,1000000000000.0,0.82947,28.4811297,86.1599,20.3546
RUN_0218,CsSnGeI3,2.0,100000000000000.0,10000000000000.0,0.829456,28.48101502,86.148,20.3514
RUN_0219,CsSnGeI3,2.0,100000000000000.0,100000000000000.0,0.829316,28.47986824,86.0297,20.3192
RUN_0220,CsSnGeI3,2.0,100000000000000.0,1000000000000000.0,0.827978,28.46840326,84.883,20.008
RUN_0221,CsSnGeI3,2.0,1000000000000000.0,1000000000000.0,0.844683,28.46927843,85.3504,20.5247
RUN_0222,CsSnGeI3,2.0,1000000000000000.0,10000000000000.0,0.844678,28.46924912,85.3471,20.5237
RUN_0223,CsSnGeI3,2.0,1000000000000000.0,100000000000000.0,0.844621,28.46895603,85.3142,20.5142
RUN_0224,CsSnGeI3,2.0,1000000000000000.0,1000000000000000.0,0.844078,28.46602542,84.9926,20.4216
RUN_0225,CsSnGeI3,2.0,1e+16,1000000000000.0,0.940206,27.78696596,85.545,22.349
RUN_0226,CsSnGeI3,2.0,1e+16,10000000000000.0,0.940204,27.78695726,85.5427,22.3484
RUN_0227,CsSnGeI3,2.0,1e+16,100000000000000.0,0.940183,27.78687027,85.5199,22.3419
RUN_0228,CsSnGeI3,2.0,1e+16,1000000000000000.0,0.939966,27.78600213,85.2962,22.2776
RUN_0229,CsSnGeI3,2.0,1e+17,1000000000000.0,1.020743,26.84758083,86.3211,23.6558
RUN_0230,CsSnGeI3,2.0,1e+17,10000000000000.0,1.020739,26.84754739,86.3189,23.6551
RUN_0231,CsSnGeI3,2.0,1e+17,100000000000000.0,1.020693,26.84721301,86.2978,23.648
RUN_0232,CsSnGeI3,2.0,1e+17,1000000000000000.0,1.020237,26.84387257,86.0903,23.5776
RUN_0233,CsSnGeI3,2.0,1e+18,1000000000000.0,1.082655,25.98641961,86.341,24.2915
RUN_0234,CsSnGeI3,2.0,1e+18,10000000000000.0,1.082654,25.98634928,86.3409,24.2913
RUN_0235,CsSnGeI3,2.0,1e+18,100000000000000.0,1.082641,25.9856461,86.3402,24.2902
RUN_0236,CsSnGeI3,2.0,1e+18,1000000000000000.0,1.082509,25.97862281,86.3331,24.2787
RUN_0237,CsSnGeI3,2.0,1e+19,1000000000000.0,1.146818,25.61213685,87.6588,25.7475
RUN_0238,CsSnGeI3,2.0,1e+19,10000000000000.0,1.146817,25.61204829,87.6588,25.7474
RUN_0239,CsSnGeI3,2.0,1e+19,100000000000000.0,1.146804,25.61116352,87.6587,25.7462
RUN_0240,CsSnGeI3,2.0,1e+19,1000000000000000.0,1.146676,25.60232688,87.6578,25.7342
